Participant Name,Date,Duration (HH:MM:SS),Subject / Category
Axxxeon,2026-09-02,11:38:03,Algorithms & Data Structures
Ray <3,2026-09-02,10:43:37,Web Development Project
KyleTheFox18,2026-09-02,10:24:22,Operating Systems Revision
Papple,2026-09-02,08:26:24,Linear Algebra Homework
shayue,2026-09-02,07:07:27,Computer Architecture
Khione,2026-09-02,07:00:46,Reading & Deep Work
ori520,2026-09-02,06:36:11,Japanese Language Study
nero,2026-09-02,06:00:47,Calculus Problem Sets
Krish (NrgSlayer),2026-09-02,04:12:30,Database Systems Labs
Caf Fin Grl (aka Caffe),2026-09-02,03:11:56,Literature & Essay Writing
adira,2026-09-02,03:02:47,Physics Notes Review
Aftab,2026-09-02,02:14:59,Assignment Drafting
Tanvi (Guest),2026-09-02,04:30:00,General Study (Unmapped Handle)
Axxxeon,2026-09-01,19:15:00,Marathon Study (Anomaly >18h Alert)
